number,name,votes,electronic,abroad,mandate,district,party
713,Edgar Savisaar,25057,1835,59,Isikumandaat,2,Eesti Keskerakond
297,Taavi Rõivas,15881,6423,26,Isikumandaat,4,Eesti Reformierakond
768,Yana Toom,11574,746,1,Isikumandaat,7,Eesti Keskerakond
702,Mihhail Kõlvart,10996,869,16,Isikumandaat,1,Eesti Keskerakond
737,Jüri Ratas,7932,1102,11,Isikumandaat,4,Eesti Keskerakond
287,Urmas Paet,7868,3423,21,Isikumandaat,3,Eesti Reformierakond
377,Toomas Kivimägi,7603,2511,12,Isikumandaat,12,Eesti Reformierakond
612,Artur Talvik,7308,3293,12,Isikumandaat,4,Eesti Vabaerakond
337,Jürgen Ligi,6757,2523,8,Isikumandaat,8,Eesti Reformierakond
252,Mart Helme,6714,1516,10,Isikumandaat,12,Eesti Konservatiivne Rahvaerakond
346,Urmas Kruuse,5960,2086,3,Isikumandaat,9,Eesti Reformierakond
356,Ants Laaneots,5920,2048,17,Isikumandaat,10,Eesti Reformierakond
817,Kadri Simson,5726,646,9,Isikumandaat,12,Eesti Keskerakond
273,Keit Pentus-Rosimannus,5716,2846,18,Ringkonnamandaat,2,Eesti Reformierakond
862,Sven Mikser,4969,1830,8,Ringkonnamandaat,4,Sotsiaaldemokraatlik Erakond
262,Kristen Michal,4766,2394,11,Ringkonnamandaat,1,Eesti Reformierakond
172,Henn Põlluaas,4309,1283,10,Ringkonnamandaat,4,Eesti Konservatiivne Rahvaerakond
162,Martin Helme,4296,1205,22,Kompensatsioonimandaat,3,Eesti Konservatiivne Rahvaerakond
588,Andres Herkel,4227,1941,14,Ringkonnamandaat,2,Eesti Vabaerakond
422,Juhan Parts,4208,1648,10,Ringkonnamandaat,4,Erakond Isamaa ja Res Publica Liit
357,Anne Sulling,4197,1877,7,Ringkonnamandaat,10,Eesti Reformierakond
852,Rainer Vakra,4132,1383,5,Ringkonnamandaat,3,Sotsiaaldemokraatlik Erakond
313,Urve Tiidus,4117,1554,10,Ringkonnamandaat,5,Eesti Reformierakond
602,Ain Lutsepp,4109,1755,9,Ringkonnamandaat,3,Eesti Vabaerakond
288,Maris Lauri,4019,2250,8,Ringkonnamandaat,3,Eesti Reformierakond
931,Ivari Padar,3992,1184,6,Ringkonnamandaat,11,Sotsiaaldemokraatlik Erakond
902,Helmen Kütt,3817,983,8,Ringkonnamandaat,8,Sotsiaaldemokraatlik Erakond
366,Hanno Pevkur,3816,1400,1,Ringkonnamandaat,11,Eesti Reformierakond
827,Eiki Nestor,3744,1678,10,Ringkonnamandaat,1,Sotsiaaldemokraatlik Erakond
769,Mihhail Stalnuhhin,3648,227,1,Ringkonnamandaat,7,Eesti Keskerakond
838,Andres Anvelt,3558,1499,12,Ringkonnamandaat,2,Sotsiaaldemokraatlik Erakond
730,Rein Ratas,3449,306,3,Ringkonnamandaat,3,Eesti Keskerakond
806,Heimar Lenk,3398,279,3,Ringkonnamandaat,11,Eesti Keskerakond
263,Heidy Purga,3283,1795,13,Ringkonnamandaat,1,Eesti Reformierakond
921,Mihkel Raud,3229,1141,10,Ringkonnamandaat,10,Sotsiaaldemokraatlik Erakond
321,Valdo Randpere,3170,1161,7,Ringkonnamandaat,6,Eesti Reformierakond
777,Mailis Reps,2981,369,1,Ringkonnamandaat,8,Eesti Keskerakond
412,Urmas Reinsalu,2949,1152,20,Ringkonnamandaat,3,Erakond Isamaa ja Res Publica Liit
462,Helir-Valdor Seeder,2908,928,7,Ringkonnamandaat,8,Erakond Isamaa ja Res Publica Liit
786,Marika Tuus-Laul,2904,249,0,Ringkonnamandaat,9,Eesti Keskerakond
423,Marko Mihkelson,2842,1525,5,Ringkonnamandaat,4,Erakond Isamaa ja Res Publica Liit
893,Jevgeni Ossinovski,2784,589,2,Ringkonnamandaat,7,Sotsiaaldemokraatlik Erakond
300,Yoko Alender,2715,1379,1,Ringkonnamandaat,4,Eesti Reformierakond
446,Marko Pomerants,2681,936,5,Ringkonnamandaat,6,Erakond Isamaa ja Res Publica Liit
309,Madis Milling,2580,1260,2,Ringkonnamandaat,4,Eesti Reformierakond
761,Siret Kotka,2558,210,4,Ringkonnamandaat,6,Eesti Keskerakond
671,Krista Aru,2529,933,5,Ringkonnamandaat,10,Eesti Vabaerakond
274,Arto Aas,2517,1491,1,Ringkonnamandaat,2,Eesti Reformierakond
577,Neeme Kuningas,2432,1081,7,#N/A,1,Eesti Vabaerakond
188,Helle-Moonika Helme,2399,627,6,#N/A,5,Eesti Konservatiivne Rahvaerakond
265,Vilja Savisaar-Toomast,2395,1115,5,#N/A,1,Eesti Reformierakond
314,Kalle Laanet,2388,934,4,Ringkonnamandaat,5,Eesti Reformierakond
367,Liina Kersna,2387,887,3,Ringkonnamandaat,11,Eesti Reformierakond
387,Ken-Marti Vaher,2313,963,9,Ringkonnamandaat,1,Erakond Isamaa ja Res Publica Liit
912,Tanel Talve,2294,691,6,Ringkonnamandaat,9,Sotsiaaldemokraatlik Erakond
481,Margus Tsahkna,2267,711,9,Ringkonnamandaat,10,Erakond Isamaa ja Res Publica Liit
753,Enn Eesmaa,2219,275,2,Ringkonnamandaat,5,Eesti Keskerakond
503,Andres Metsoja,2207,760,2,Ringkonnamandaat,12,Erakond Isamaa ja Res Publica Liit
886,Rannar Vassiljev,2172,623,3,#N/A,6,Sotsiaaldemokraatlik Erakond
796,Aadu Must,2139,223,5,Ringkonnamandaat,10,Eesti Keskerakond
278,Imre Sooäär,2102,1110,5,#N/A,2,Eesti Reformierakond
137,Urmas Espenberg,2087,646,8,#N/A,1,Eesti Konservatiivne Rahvaerakond
934,Kalvi Kõva,2081,554,2,Ringkonnamandaat,11,Sotsiaaldemokraatlik Erakond
196,Anti Poolamets,2080,533,3,#N/A,6,Eesti Konservatiivne Rahvaerakond
301,Aivar Sõerd,2047,1156,2,Ringkonnamandaat,4,Eesti Reformierakond
922,Heljo Pikhof,2042,482,3,Kompensatsioonimandaat,10,Sotsiaaldemokraatlik Erakond
878,Hannes Hanso,2038,823,3,Ringkonnamandaat,5,Sotsiaaldemokraatlik Erakond
863,Urve Palo,2028,709,1,Kompensatsioonimandaat,4,Sotsiaaldemokraatlik Erakond
438,Raivo Aeg,2001,618,12,Ringkonnamandaat,5,Erakond Isamaa ja Res Publica Liit
347,Igor Gräzin,1973,701,6,Ringkonnamandaat,9,Eesti Reformierakond
714,Olga Ivanova,1948,217,1,Ringkonnamandaat,2,Eesti Keskerakond
942,Indrek Saar,1944,597,5,Ringkonnamandaat,12,Sotsiaaldemokraatlik Erakond
289,Eerik-Niiles Kross,1944,889,9,#N/A,3,Eesti Reformierakond
148,Mare Liiger,1924,499,4,#N/A,2,Eesti Konservatiivne Rahvaerakond
299,Kalle Palling,1917,627,1,Ringkonnamandaat,4,Eesti Reformierakond
726,Mihhail Korb,1904,193,1,Ringkonnamandaat,2,Eesti Keskerakond
212,Jaak Madison,1883,443,2,Kompensatsioonimandaat,8,Eesti Konservatiivne Rahvaerakond
221,Malle Pärn,1867,457,4,#N/A,9,Eesti Konservatiivne Rahvaerakond
703,Viktor Vassiljev,1862,206,2,Ringkonnamandaat,1,Eesti Keskerakond
628,Andres Ammas,1859,718,5,Ringkonnamandaat,5,Eesti Vabaerakond
729,Erki Savisaar,1826,104,3,Ringkonnamandaat,3,Eesti Keskerakond
388,Liisa-Ly Pakosta,1808,894,13,#N/A,1,Erakond Isamaa ja Res Publica Liit
241,Uno Kaskpeit,1807,450,5,Ringkonnamandaat,11,Eesti Konservatiivne Rahvaerakond
829,Aleksei Turovski,1787,758,3,#N/A,1,Sotsiaaldemokraatlik Erakond
472,Aivar Kokk,1725,389,0,Ringkonnamandaat,9,Erakond Isamaa ja Res Publica Liit
808,Tarmo Tamm,1721,204,0,Ringkonnamandaat,11,Eesti Keskerakond
298,Laine Randjärv,1698,715,3,Kompensatsioonimandaat,4,Eesti Reformierakond
463,Kaia Iva,1684,522,1,#N/A,8,Erakond Isamaa ja Res Publica Liit
425,Tiina Kangro,1669,693,2,#N/A,4,Erakond Isamaa ja Res Publica Liit
727,Arvo Sarapuu,1662,128,1,#N/A,3,Eesti Keskerakond
629,Enn Meri,1619,600,2,#N/A,5,Eesti Vabaerakond
231,Imre Mürk,1577,385,14,#N/A,10,Eesti Konservatiivne Rahvaerakond
502,Annely Akkermann,1571,504,6,#N/A,12,Erakond Isamaa ja Res Publica Liit
776,Martin Repinski,1556,124,0,Ringkonnamandaat,7,Eesti Keskerakond
426,Aivar Riisalu,1536,653,1,#N/A,4,Erakond Isamaa ja Res Publica Liit
358,Urmas Klaas,1501,465,3,Kompensatsioonimandaat,10,Eesti Reformierakond
492,Priit Sibul,1491,374,1,Ringkonnamandaat,11,Erakond Isamaa ja Res Publica Liit
911,Jaan Õunapuu,1447,413,3,#N/A,9,Sotsiaaldemokraatlik Erakond
280,Ivi Eenmaa,1407,688,8,#N/A,2,Eesti Reformierakond
471,Jaak Aaviksoo,1405,577,5,Kompensatsioonimandaat,9,Erakond Isamaa ja Res Publica Liit
398,Viktoria Ladõnskaja,1393,747,1,Ringkonnamandaat,2,Erakond Isamaa ja Res Publica Liit
399,Sven Sester,1392,629,2,#N/A,2,Erakond Isamaa ja Res Publica Liit
264,Remo Holsmer,1385,780,3,#N/A,1,Eesti Reformierakond
736,Igor Kravtšenko,1360,92,3,#N/A,3,Eesti Keskerakond
378,Jüri Jaanson,1328,469,2,Ringkonnamandaat,12,Eesti Reformierakond
681,Kaul Nurm,1315,509,1,#N/A,11,Eesti Vabaerakond
740,Vladimir Velman,1294,134,0,Ringkonnamandaat,4,Eesti Keskerakond
712,Märt Sults,1285,131,1,Ringkonnamandaat,1,Eesti Keskerakond
797,Marina Riisalu,1284,72,1,#N/A,10,Eesti Keskerakond
389,Tarmo Kruusimäe,1260,618,4,#N/A,1,Erakond Isamaa ja Res Publica Liit
411,Juku-Kalle Raid,1257,655,4,#N/A,2,Erakond Isamaa ja Res Publica Liit
636,Emil Rutiku,1243,416,3,#N/A,6,Eesti Vabaerakond
789,Peeter Võsa,1235,148,2,#N/A,9,Eesti Keskerakond
316,Tarmo Mänd,1233,385,2,#N/A,5,Eesti Reformierakond
879,Neeme Suur,1213,375,2,#N/A,5,Sotsiaaldemokraatlik Erakond
379,Väino Linde,1206,476,1,#N/A,12,Eesti Reformierakond
501,Igor Taro,1202,493,2,#N/A,11,Erakond Isamaa ja Res Publica Liit
483,Kalle Muuli,1196,441,3,#N/A,10,Erakond Isamaa ja Res Publica Liit
941,Inara Luigas,1192,257,2,#N/A,11,Sotsiaaldemokraatlik Erakond
323,Marko Torm,1165,381,2,#N/A,6,Eesti Reformierakond
779,Kersti Sarapuu,1164,127,1,Kompensatsioonimandaat,8,Eesti Keskerakond
692,Jüri Saar,1161,448,3,#N/A,12,Eesti Vabaerakond
733,Margarita Tšernogorova,1159,87,2,#N/A,3,Eesti Keskerakond
795,Aleksandr Širokov,1137,88,1,#N/A,9,Eesti Keskerakond
173,Siim Pohlak,1128,232,1,#N/A,4,Eesti Konservatiivne Rahvaerakond
807,Anneli Ott,1119,129,1,#N/A,11,Eesti Keskerakond
276,Urmas Sutrop,1109,616,0,#N/A,2,Eesti Reformierakond
798,Nikolai Põdramägi,1105,68,2,#N/A,10,Eesti Keskerakond
707,Andrei Novikov,1096,90,2,#N/A,1,Eesti Keskerakond
661,Märt Meesak,1094,412,2,#N/A,9,Eesti Vabaerakond
652,Mati Ilisson,1075,386,0,#N/A,8,Eesti Vabaerakond
414,Mart Nutt,1068,484,7,#N/A,3,Erakond Isamaa ja Res Publica Liit
277,Ülle Rajasalu,1066,519,2,#N/A,2,Eesti Reformierakond
754,Jaanus Karilaid,1056,106,1,#N/A,5,Eesti Keskerakond
424,Andrus Saare,1054,365,1,#N/A,4,Erakond Isamaa ja Res Publica Liit
903,Jaanus Marrandi,1050,283,1,Kompensatsioonimandaat,8,Sotsiaaldemokraatlik Erakond
770,Valeri Korb,1046,90,1,Ringkonnamandaat,7,Eesti Keskerakond
778,Priit Toobal,1045,92,0,Kompensatsioonimandaat,8,Eesti Keskerakond
447,Einar Vallbaum,1044,283,1,#N/A,6,Erakond Isamaa ja Res Publica Liit
368,Meelis Mälberg,1040,338,1,#N/A,11,Eesti Reformierakond
439,Tõnis Palts,1033,351,8,#N/A,5,Erakond Isamaa ja Res Publica Liit
578,Külliki Kübarsepp,1032,545,5,Kompensatsioonimandaat,1,Eesti Vabaerakond
400,Erki Nool,1020,409,7,#N/A,2,Erakond Isamaa ja Res Publica Liit
275,Nikolai Novosjolov,1016,501,2,#N/A,2,Eesti Reformierakond
933,Rein Randver,1003,230,2,#N/A,11,Sotsiaaldemokraatlik Erakond
613,Alar Mutli,995,396,1,#N/A,4,Eesti Vabaerakond
322,Signe Kivi,995,387,1,#N/A,6,Eesti Reformierakond
682,Merle Jääger,986,385,3,#N/A,11,Eesti Vabaerakond
266,Tiina Lokk-Tramberg,977,568,1,#N/A,1,Eesti Reformierakond
348,Mati Raidma,959,397,1,#N/A,9,Eesti Reformierakond
735,Eduard Toman,953,118,0,#N/A,3,Eesti Keskerakond
728,Merike Martinson,946,106,0,#N/A,3,Eesti Keskerakond
222,Raivo Põldaru,919,186,0,Kompensatsioonimandaat,9,Eesti Konservatiivne Rahvaerakond
673,Peeter Volkonski,916,375,3,#N/A,10,Eesti Vabaerakond
839,Barbi-Jenny Pilvre-Storgard,909,483,8,#N/A,2,Sotsiaaldemokraatlik Erakond
324,Toomas Varek,907,278,2,#N/A,6,Eesti Reformierakond
706,Karin Tammemägi,881,66,0,#N/A,1,Eesti Keskerakond
913,Jüri Morozov,870,226,0,#N/A,9,Sotsiaaldemokraatlik Erakond
828,Marianne Mikko,859,402,9,#N/A,1,Sotsiaaldemokraatlik Erakond
905,Alo Aasma,857,269,1,#N/A,8,Sotsiaaldemokraatlik Erakond
315,Lauri Luik,855,313,3,Kompensatsioonimandaat,5,Eesti Reformierakond
352,Toomas Järveoja,853,295,0,#N/A,9,Eesti Reformierakond
932,Sirje Tobreluts,849,217,1,#N/A,11,Sotsiaaldemokraatlik Erakond
743,Vladimir Arhipov,838,63,0,#N/A,4,Eesti Keskerakond
788,Peeter Ernits,824,86,1,#N/A,9,Eesti Keskerakond
877,Hardi Volmer,818,307,0,#N/A,4,Sotsiaaldemokraatlik Erakond
923,Toomas Jürgenstein,817,381,4,#N/A,10,Sotsiaaldemokraatlik Erakond
402,Riina Solman,810,329,1,#N/A,2,Erakond Isamaa ja Res Publica Liit
359,Rait Maruste,808,344,5,#N/A,10,Eesti Reformierakond
490,Ene Ergma,798,321,5,#N/A,10,Erakond Isamaa ja Res Publica Liit
810,Alar Nääme,798,98,0,#N/A,11,Eesti Keskerakond
474,Andres Arrak,794,390,0,#N/A,9,Erakond Isamaa ja Res Publica Liit
853,Mart Meri,788,355,1,#N/A,3,Sotsiaaldemokraatlik Erakond
662,Elo Lutsepp,784,317,1,#N/A,9,Eesti Vabaerakond
369,Margus Lepik,782,291,1,#N/A,11,Eesti Reformierakond
910,Liina Raud,774,291,0,#N/A,8,Sotsiaaldemokraatlik Erakond
762,Toomas Väinaste,773,95,0,#N/A,6,Eesti Keskerakond
731,Helle Kalda,771,60,1,#N/A,3,Eesti Keskerakond
328,Deniss Boroditš,769,188,1,Ringkonnamandaat,7,Eesti Reformierakond
453,Anvar Samost,761,293,0,#N/A,7,Erakond Isamaa ja Res Publica Liit
331,Aivar Surva,754,222,0,#N/A,7,Eesti Reformierakond
339,Johannes Kert,752,322,2,Ringkonnamandaat,8,Eesti Reformierakond
851,Andrei Hvostov,740,329,2,#N/A,2,Sotsiaaldemokraatlik Erakond
861,Silver Meikar,738,315,5,#N/A,3,Sotsiaaldemokraatlik Erakond
360,Margus Hanson,733,243,1,#N/A,10,Eesti Reformierakond
672,Jüri Adams,720,312,3,Kompensatsioonimandaat,10,Eesti Vabaerakond
460,Tauno Võhmar,716,271,0,#N/A,7,Erakond Isamaa ja Res Publica Liit
341,Kristjan Kõljalg,714,302,0,#N/A,8,Eesti Reformierakond
338,Kalle Jents,704,218,0,#N/A,8,Eesti Reformierakond
799,Artjom Suvorov,699,59,0,#N/A,10,Eesti Keskerakond
203,Arno Kodu,693,200,0,#N/A,7,Eesti Konservatiivne Rahvaerakond
708,Marek Jürgenson,687,107,4,#N/A,1,Eesti Keskerakond
904,Ülle Lumi,684,125,1,#N/A,8,Sotsiaaldemokraatlik Erakond
491,Maire Aunaste,679,173,8,Kompensatsioonimandaat,11,Erakond Isamaa ja Res Publica Liit
304,Andre Sepp,679,232,0,#N/A,4,Eesti Reformierakond
774,Dmitri Dmitrijev,677,57,0,#N/A,7,Eesti Keskerakond
318,Urmas Sukles,661,250,2,#N/A,5,Eesti Reformierakond
330,Rein Aidma,655,227,0,#N/A,7,Eesti Reformierakond
917,Jaan Aiaots,654,168,1,#N/A,9,Sotsiaaldemokraatlik Erakond
880,Kalev Kotkas,649,243,0,#N/A,5,Sotsiaaldemokraatlik Erakond
370,Aivar Rosenberg,645,195,1,#N/A,11,Eesti Reformierakond
291,Paul-Eerik Rummo,642,332,7,#N/A,3,Eesti Reformierakond
773,Eevi Paasmäe,639,42,1,#N/A,7,Eesti Keskerakond
907,Arto Saar,621,219,0,#N/A,8,Sotsiaaldemokraatlik Erakond
244,Ants Taul,619,137,0,#N/A,11,Eesti Konservatiivne Rahvaerakond
306,Mart Võrklaev,615,340,0,#N/A,4,Eesti Reformierakond
945,Mark Soosaar,613,177,2,#N/A,12,Sotsiaaldemokraatlik Erakond
771,Eldar Efendijev,607,77,0,#N/A,7,Eesti Keskerakond
925,Gea Kangilaski,595,303,7,#N/A,10,Sotsiaaldemokraatlik Erakond
906,Randel Länts,584,205,3,#N/A,8,Sotsiaaldemokraatlik Erakond
428,Mari-Ann Kelam,581,270,4,#N/A,4,Erakond Isamaa ja Res Publica Liit
868,Raivo Uukkivi,578,192,2,#N/A,4,Sotsiaaldemokraatlik Erakond
482,Peeter Laurson,578,173,0,#N/A,10,Erakond Isamaa ja Res Publica Liit
704,Kalev Kallo,575,55,2,Kompensatsioonimandaat,1,Eesti Keskerakond
267,Ants Leemets,570,286,4,#N/A,1,Eesti Reformierakond
404,Lagle Parek,569,245,7,#N/A,2,Erakond Isamaa ja Res Publica Liit
894,Etti Kagarov,569,178,1,#N/A,7,Sotsiaaldemokraatlik Erakond
305,Enno Fels,566,204,2,#N/A,4,Eesti Reformierakond
850,Karl-Martin Sinijärv,565,283,5,#N/A,2,Sotsiaaldemokraatlik Erakond
362,Martin Parmas,563,167,2,#N/A,10,Eesti Reformierakond
349,Terje Trei,557,191,1,Kompensatsioonimandaat,9,Eesti Reformierakond
413,Siim Valmar Kiisler,556,241,0,#N/A,3,Erakond Isamaa ja Res Publica Liit
746,Natalia Malleus,555,61,1,#N/A,4,Eesti Keskerakond
308,Anneliis Kõiv,549,281,2,#N/A,4,Eesti Reformierakond
920,Jaan Sõrra,546,189,1,#N/A,9,Sotsiaaldemokraatlik Erakond
350,Reno Laidre,544,246,1,#N/A,9,Eesti Reformierakond
914,Priit Lomp,543,166,0,#N/A,9,Sotsiaaldemokraatlik Erakond
235,Indrek Kalda,542,101,0,#N/A,10,Eesti Konservatiivne Rahvaerakond
494,Ulla Preeden,539,174,0,#N/A,11,Erakond Isamaa ja Res Publica Liit
489,Tõnu Lehtsaar,538,184,4,#N/A,10,Erakond Isamaa ja Res Publica Liit
887,Kairit Pihlak,537,174,0,#N/A,6,Sotsiaaldemokraatlik Erakond
332,Aivar Saarela,535,183,0,#N/A,7,Eesti Reformierakond
327,Indrek Kesküla,532,151,4,#N/A,6,Eesti Reformierakond
766,Andres Sõber,530,91,1,#N/A,6,Eesti Keskerakond
319,Koit Kelder,529,237,0,#N/A,5,Eesti Reformierakond
243,Arno Sild,523,78,8,Kompensatsioonimandaat,11,Eesti Konservatiivne Rahvaerakond
345,Tõnu Juul,521,108,2,#N/A,8,Eesti Reformierakond
653,Arlet Palmiste,519,205,0,#N/A,8,Eesti Vabaerakond
372,Agu Kabrits,519,115,0,#N/A,11,Eesti Reformierakond
816,Toomas Paur,511,42,0,#N/A,11,Eesti Keskerakond
603,Sergei Metlev,509,252,0,#N/A,3,Eesti Vabaerakond
801,Igor Abarenkov,507,36,0,#N/A,10,Eesti Keskerakond
944,Aet Maatee,504,189,0,#N/A,12,Sotsiaaldemokraatlik Erakond
715,Toomas Vitsut,503,74,0,Kompensatsioonimandaat,2,Eesti Keskerakond
919,Asso Nettan,500,218,0,#N/A,9,Sotsiaaldemokraatlik Erakond
317,Kairi Uustulnd,497,269,0,#N/A,5,Eesti Reformierakond
865,Liisa Oviir,493,223,0,#N/A,4,Sotsiaaldemokraatlik Erakond
711,Anton Stalnuhhin,491,62,0,#N/A,1,Eesti Keskerakond
493,Ülo Tulik,490,150,0,#N/A,11,Erakond Isamaa ja Res Publica Liit
441,Kaido Kaasik,478,169,2,#N/A,5,Erakond Isamaa ja Res Publica Liit
830,Jaak Juske,476,234,0,#N/A,1,Sotsiaaldemokraatlik Erakond
429,Kaupo Rätsepp,475,210,1,#N/A,4,Erakond Isamaa ja Res Publica Liit
371,Andrus Seeme,472,169,0,#N/A,11,Eesti Reformierakond
637,Elmu Koppelmann,469,196,1,#N/A,6,Eesti Vabaerakond
473,Elle Kull,467,178,4,#N/A,9,Erakond Isamaa ja Res Publica Liit
818,Marko Šorin,464,46,0,#N/A,12,Eesti Keskerakond
467,Ene Saar,463,164,1,#N/A,8,Erakond Isamaa ja Res Publica Liit
437,Toomas Tõniste,462,216,0,#N/A,4,Erakond Isamaa ja Res Publica Liit
485,Mihhail Lotman,460,228,5,#N/A,10,Erakond Isamaa ja Res Publica Liit
290,Martin Kukk,456,211,0,Kompensatsioonimandaat,3,Eesti Reformierakond
764,Jelena Fjodorova,455,61,1,#N/A,6,Eesti Keskerakond
936,Tarmo Tamm,452,99,1,#N/A,11,Sotsiaaldemokraatlik Erakond
511,Trivimi Velliste,451,167,13,#N/A,12,Erakond Isamaa ja Res Publica Liit
590,Monika Haukanõmm,450,269,1,Kompensatsioonimandaat,2,Eesti Vabaerakond
589,Jevgeni Krištafovitš,446,250,1,#N/A,2,Eesti Vabaerakond
190,Urmas Selirand,442,134,1,#N/A,5,Eesti Konservatiivne Rahvaerakond
215,Enn Sarv,441,121,2,#N/A,8,Eesti Konservatiivne Rahvaerakond
334,Tiit Kuusmik,438,126,1,#N/A,7,Eesti Reformierakond
780,Helmut Hallemaa,435,44,0,#N/A,8,Eesti Keskerakond
787,Urbo Vaarmann,431,28,0,#N/A,9,Eesti Keskerakond
535,Aleksei Lotman,430,228,1,#N/A,5,Erakond Eestimaa Rohelised
342,Madis Timpson,430,147,0,#N/A,8,Eesti Reformierakond
772,Tarmo Tammiste,429,55,1,#N/A,7,Eesti Keskerakond
528,Valdur Lahtvee,427,176,1,#N/A,4,Erakond Eestimaa Rohelised
279,Kalev Kallemets,423,218,1,#N/A,2,Eesti Reformierakond
454,Kaja Kreisman,421,140,1,#N/A,7,Erakond Isamaa ja Res Publica Liit
427,Lauri Vahtre,419,221,7,#N/A,4,Erakond Isamaa ja Res Publica Liit
340,Peep Aru,416,158,0,#N/A,8,Eesti Reformierakond
615,Aimar Altosaar,413,230,2,#N/A,4,Eesti Vabaerakond
477,Joel Luhamets,413,136,3,#N/A,9,Erakond Isamaa ja Res Publica Liit
365,Valvo Semilarski,412,151,0,#N/A,10,Eesti Reformierakond
344,Rait Pihelgas,409,159,0,#N/A,8,Eesti Reformierakond
373,Peeter Sibul,408,131,4,#N/A,11,Eesti Reformierakond
705,Lauri Laasi,407,40,0,Kompensatsioonimandaat,1,Eesti Keskerakond
693,Kadri Jäätma,407,174,1,#N/A,12,Eesti Vabaerakond
518,Aleksander Laane,404,145,2,#N/A,2,Erakond Eestimaa Rohelised
312,Vladas Radvilavičius,401,204,0,#N/A,4,Eesti Reformierakond
717,Kalle Klandorf,400,73,0,#N/A,2,Eesti Keskerakond
374,Jüri Kaver,395,129,2,#N/A,11,Eesti Reformierakond
464,Tiina Oraste,391,133,1,#N/A,8,Erakond Isamaa ja Res Publica Liit
805,Vladimir Šokman,390,30,1,#N/A,10,Eesti Keskerakond
937,Silja Suija,390,139,2,#N/A,11,Sotsiaaldemokraatlik Erakond
732,Tiit Terik,389,46,0,#N/A,3,Eesti Keskerakond
841,Vadim Belobrovtsev,387,124,0,#N/A,2,Sotsiaaldemokraatlik Erakond
376,Liivi Maran,384,112,1,#N/A,11,Eesti Reformierakond
405,Priidu Pärna,381,219,1,#N/A,2,Erakond Isamaa ja Res Publica Liit
465,Ando Kiviberg,378,155,2,#N/A,8,Erakond Isamaa ja Res Publica Liit
722,Maria Jufereva,376,58,0,#N/A,2,Eesti Keskerakond
545,Mart Jüssi,376,150,2,#N/A,10,Erakond Eestimaa Rohelised
888,Eerik Lumiste,371,92,1,#N/A,6,Sotsiaaldemokraatlik Erakond
307,Andrus Umboja,369,167,0,#N/A,4,Eesti Reformierakond
895,Jaak Allik,369,93,1,#N/A,7,Sotsiaaldemokraatlik Erakond
767,Urmas Tamm,365,44,1,#N/A,6,Eesti Keskerakond
475,Anti Orav,365,116,0,#N/A,9,Erakond Isamaa ja Res Publica Liit
947,Valter Parve,363,119,1,#N/A,12,Sotsiaaldemokraatlik Erakond
189,Hardi Rehkalt,359,122,2,#N/A,5,Eesti Konservatiivne Rahvaerakond
854,Olga Sõtnik,358,158,1,#N/A,3,Sotsiaaldemokraatlik Erakond
303,Tõnis Kõiv,355,186,2,#N/A,4,Eesti Reformierakond
738,Kerstin-Oudekki Loone,354,64,0,#N/A,4,Eesti Keskerakond
361,Mihkel Lees,354,172,0,#N/A,10,Eesti Reformierakond
800,Natalja Trošina,354,16,2,#N/A,10,Eesti Keskerakond
857,Anto Liivat,353,186,0,#N/A,3,Sotsiaaldemokraatlik Erakond
448,Mihkel Juhkami,352,135,4,#N/A,6,Erakond Isamaa ja Res Publica Liit
224,Tiit Rosin,352,79,0,#N/A,9,Eesti Konservatiivne Rahvaerakond
744,Oleg Tšubarov,351,36,0,#N/A,4,Eesti Keskerakond
135,Andrus Soopalu,349,78,0,#N/A,12,Rahva Ühtsuse Erakond
523,Tõnu Trubetsky,347,120,4,#N/A,3,Erakond Eestimaa Rohelised
710,Enno Tamm,346,55,0,#N/A,1,Eesti Keskerakond
442,Georg Linkov,344,143,1,#N/A,5,Erakond Isamaa ja Res Publica Liit
883,Reili Rand,342,154,0,#N/A,5,Sotsiaaldemokraatlik Erakond
889,Ene Augasmägi,342,80,0,#N/A,6,Sotsiaaldemokraatlik Erakond
401,Hendrik Agur,336,188,1,#N/A,2,Erakond Isamaa ja Res Publica Liit
468,Lembit Kruuse,336,103,0,#N/A,8,Erakond Isamaa ja Res Publica Liit
496,Kurmet Müürsepp,330,96,1,#N/A,11,Erakond Isamaa ja Res Publica Liit
336,Ain Seppik,326,93,0,#N/A,7,Eesti Reformierakond
670,Märt Läänemets,326,145,0,#N/A,9,Eesti Vabaerakond
174,Mart Järvik,323,94,0,#N/A,4,Eesti Konservatiivne Rahvaerakond
758,Mart Mäeker,321,48,0,#N/A,5,Eesti Keskerakond
542,Rasmus Lahtvee,321,146,3,#N/A,9,Erakond Eestimaa Rohelised
664,Madis Avi,321,118,1,#N/A,9,Eesti Vabaerakond
353,Kalmer Lain,319,102,0,#N/A,9,Eesti Reformierakond
885,Raimu Aardam,315,79,2,#N/A,5,Sotsiaaldemokraatlik Erakond
466,Priit Värk,313,102,1,#N/A,8,Erakond Isamaa ja Res Publica Liit
915,Triin Pärsim,311,123,2,#N/A,9,Sotsiaaldemokraatlik Erakond
716,Elena Glebova,310,51,0,#N/A,2,Eesti Keskerakond
452,Tauno Toompuu,310,98,0,#N/A,6,Erakond Isamaa ja Res Publica Liit
480,Mihkel Kübar,302,114,0,#N/A,9,Erakond Isamaa ja Res Publica Liit
892,Maimu Berg,299,105,1,#N/A,6,Sotsiaaldemokraatlik Erakond
187,Maido Pajo,298,97,0,#N/A,4,Eesti Konservatiivne Rahvaerakond
763,Andres Jaadla,298,36,0,#N/A,6,Eesti Keskerakond
450,Ain Suurkaev,297,93,0,#N/A,6,Erakond Isamaa ja Res Publica Liit
351,Viktor Svjatõšev,297,104,3,#N/A,9,Eesti Reformierakond
618,Priit Kärsna,296,124,0,#N/A,4,Eesti Vabaerakond
329,Toivo Asmer,296,103,1,#N/A,7,Eesti Reformierakond
793,Andres Raid,295,54,0,#N/A,9,Eesti Keskerakond
864,Karel Rüütli,293,117,0,#N/A,4,Sotsiaaldemokraatlik Erakond
380,Väino Hallikmägi,293,121,0,#N/A,12,Eesti Reformierakond
395,Tiit Meren,292,158,1,#N/A,1,Erakond Isamaa ja Res Publica Liit
495,Arne Tilk,292,91,1,#N/A,11,Erakond Isamaa ja Res Publica Liit
837,Katrin Saks,291,138,0,#N/A,1,Sotsiaaldemokraatlik Erakond
295,Eero Merilind,291,139,0,#N/A,3,Eesti Reformierakond
898,Kristina Kallas,291,64,0,#N/A,7,Sotsiaaldemokraatlik Erakond
709,Irina Antonjuk,290,27,3,#N/A,1,Eesti Keskerakond
866,Tiit Tammsaar,290,94,0,#N/A,4,Sotsiaaldemokraatlik Erakond
440,Merle Mäesalu,289,104,3,#N/A,5,Erakond Isamaa ja Res Publica Liit
694,Elmo Joa,289,107,1,#N/A,12,Eesti Vabaerakond
391,Diana Ingerainen,288,146,0,#N/A,1,Erakond Isamaa ja Res Publica Liit
870,Astrid Ojasoon,287,84,0,#N/A,4,Sotsiaaldemokraatlik Erakond
544,Marko Kaasik,283,106,0,#N/A,10,Erakond Eestimaa Rohelised
855,Lauri Laats,282,76,0,#N/A,3,Sotsiaaldemokraatlik Erakond
138,Nele Valgepea,281,94,0,#N/A,1,Eesti Konservatiivne Rahvaerakond
430,Andres Laisk,281,150,1,#N/A,4,Erakond Isamaa ja Res Publica Liit
924,Kadri Leetmaa,281,144,1,#N/A,10,Sotsiaaldemokraatlik Erakond
250,Aivar Mesikäpp,281,63,0,#N/A,11,Eesti Konservatiivne Rahvaerakond
242,Merry Aart,279,70,1,#N/A,11,Eesti Konservatiivne Rahvaerakond
390,Maksim Rogalski,278,73,0,#N/A,1,Erakond Isamaa ja Res Publica Liit
444,Alar Schönberg,277,85,2,#N/A,5,Erakond Isamaa ja Res Publica Liit
696,Heli Künnapas,277,113,0,#N/A,12,Eesti Vabaerakond
118,Kristiina Ojuland,273,69,0,#N/A,6,Rahva Ühtsuse Erakond
790,Aare Olgo,270,24,0,#N/A,9,Eesti Keskerakond
488,Karl Kull,270,124,2,#N/A,10,Erakond Isamaa ja Res Publica Liit
443,Raimond Lunev,269,65,1,#N/A,5,Erakond Isamaa ja Res Publica Liit
470,Kalju Kertsmik,269,75,1,#N/A,8,Erakond Isamaa ja Res Publica Liit
476,Toivo Peets,269,68,0,#N/A,9,Erakond Isamaa ja Res Publica Liit
791,Max Kaur,269,23,0,#N/A,9,Eesti Keskerakond
843,Ott Pärna,268,155,0,#N/A,2,Sotsiaaldemokraatlik Erakond
845,Siim Tuisk,268,165,2,#N/A,2,Sotsiaaldemokraatlik Erakond
415,Evelin Samuel,268,107,3,#N/A,3,Erakond Isamaa ja Res Publica Liit
871,Tõnis Blank,268,103,0,#N/A,4,Sotsiaaldemokraatlik Erakond
631,Jüri Lember,267,127,0,#N/A,5,Eesti Vabaerakond
154,Raul Öpik,265,98,0,#N/A,2,Eesti Konservatiivne Rahvaerakond
643,Peeter Kapten,265,105,1,#N/A,7,Eesti Vabaerakond
819,Hillar Talvik,265,21,2,#N/A,12,Eesti Keskerakond
403,Kalev Vapper,264,137,2,#N/A,2,Erakond Isamaa ja Res Publica Liit
820,Riho Alliksoo,264,27,0,#N/A,12,Eesti Keskerakond
381,Meeli Pärna,263,104,0,#N/A,12,Eesti Reformierakond
765,Jaanus Mutli,262,31,1,#N/A,6,Eesti Keskerakond
354,Kaisa Edenberg,262,113,1,#N/A,9,Eesti Reformierakond
461,Tunne-Väldo Kelam,260,83,1,#N/A,7,Erakond Isamaa ja Res Publica Liit
908,Erich Palm,260,104,0,#N/A,8,Sotsiaaldemokraatlik Erakond
504,Rein Kilk,260,91,1,#N/A,12,Erakond Isamaa ja Res Publica Liit
285,Kalev Kukk,256,150,0,#N/A,2,Eesti Reformierakond
614,Tiia Välk,255,111,1,#N/A,4,Eesti Vabaerakond
325,Leo Aadel,255,85,0,#N/A,6,Eesti Reformierakond
436,Reet Roos,254,138,1,#N/A,4,Erakond Isamaa ja Res Publica Liit
900,Ants Kutti,254,79,0,#N/A,7,Sotsiaaldemokraatlik Erakond
844,Toomas Alatalu,253,86,1,#N/A,2,Sotsiaaldemokraatlik Erakond
363,Triin Anette Kaasik,253,111,2,#N/A,10,Eesti Reformierakond
901,Toomas Nõmmiste,251,92,0,#N/A,7,Sotsiaaldemokraatlik Erakond
909,Kaupo Känd,251,69,2,#N/A,8,Sotsiaaldemokraatlik Erakond
508,Lauri Luur,251,77,0,#N/A,12,Erakond Isamaa ja Res Publica Liit
946,Mercedes Merimaa,249,92,2,#N/A,12,Sotsiaaldemokraatlik Erakond
822,Svetlana Tšipurina,248,23,1,#N/A,12,Eesti Keskerakond
394,Avo Üprus,247,80,2,#N/A,1,Erakond Isamaa ja Res Publica Liit
512,Olev-Andres Tinn,247,113,2,#N/A,1,Erakond Eestimaa Rohelised
445,Toomas Takkis,247,107,1,#N/A,5,Erakond Isamaa ja Res Publica Liit
856,Kadi Pärnits,245,109,2,#N/A,3,Sotsiaaldemokraatlik Erakond
755,Janne Nurmik,245,42,2,#N/A,5,Eesti Keskerakond
935,Raul Kudre,245,59,0,#N/A,11,Sotsiaaldemokraatlik Erakond
335,Enno Vinni,243,84,0,#N/A,7,Eesti Reformierakond
364,Helmer Jõgi,243,114,0,#N/A,10,Eesti Reformierakond
918,Meelis Karro,242,75,0,#N/A,9,Sotsiaaldemokraatlik Erakond
642,Heiki Hallik,241,80,0,#N/A,6,Eesti Vabaerakond
310,Ain Täpsi,237,96,0,#N/A,4,Eesti Reformierakond
597,Jaan Riis,236,111,1,#N/A,2,Eesti Vabaerakond
506,Meelis Kukk,236,78,0,#N/A,12,Erakond Isamaa ja Res Publica Liit
842,Andra Veidemann,235,105,3,#N/A,2,Sotsiaaldemokraatlik Erakond
393,Tiia Sihver,233,111,5,#N/A,1,Erakond Isamaa ja Res Publica Liit
561,Georgi Bõstrov,233,23,0,#N/A,4,Eestimaa Ühendatud Vasakpartei
881,Veeve Kaasik,232,54,0,#N/A,5,Sotsiaaldemokraatlik Erakond
814,Toivo Tootsen,232,29,0,#N/A,11,Eesti Keskerakond
943,Tatjana Jaanson,230,64,1,#N/A,12,Sotsiaaldemokraatlik Erakond
397,Tiit Riisalo,229,114,0,#N/A,1,Erakond Isamaa ja Res Publica Liit
233,Merike Lillenberg,229,49,1,#N/A,10,Eesti Konservatiivne Rahvaerakond
248,Riina Sabalisk,229,53,0,#N/A,11,Eesti Konservatiivne Rahvaerakond
725,Nelli Privalova,228,36,1,#N/A,2,Eesti Keskerakond
451,Hannes Mets,228,69,1,#N/A,6,Erakond Isamaa ja Res Publica Liit
579,Ants Miller,227,119,0,#N/A,1,Eesti Vabaerakond
157,Rein Tölp,225,57,2,#N/A,2,Eesti Konservatiivne Rahvaerakond
811,Eve Salundi,224,22,1,#N/A,11,Eesti Keskerakond
326,Kaido Veski,223,64,0,#N/A,6,Eesti Reformierakond
507,Krista Nõmm,221,63,0,#N/A,12,Erakond Isamaa ja Res Publica Liit
951,Kadri-Aija Viik,221,65,0,#N/A,12,Sotsiaaldemokraatlik Erakond
720,Aini Härm,218,27,0,#N/A,2,Eesti Keskerakond
938,Rein Järvelill,218,62,0,#N/A,11,Sotsiaaldemokraatlik Erakond
734,Irina Embrich,217,31,0,#N/A,3,Eesti Keskerakond
719,Tarmo Kriis,215,34,0,#N/A,2,Eesti Keskerakond
449,Helle Noorväli,215,80,1,#N/A,6,Erakond Isamaa ja Res Publica Liit
891,Garri Raagmaa,214,94,0,#N/A,6,Sotsiaaldemokraatlik Erakond
232,Kalev Essenson,214,51,1,#N/A,10,Eesti Konservatiivne Rahvaerakond
581,Tõnu Teeveer,210,116,0,#N/A,1,Eesti Vabaerakond
320,Innar Mäesalu,209,63,0,#N/A,5,Eesti Reformierakond
497,Marek Mekk,208,77,0,#N/A,11,Erakond Isamaa ja Res Publica Liit
897,Inna Nazarova,207,30,0,#N/A,7,Sotsiaaldemokraatlik Erakond
271,Andres Aro,206,95,0,#N/A,1,Eesti Reformierakond
152,Toomas Rull,205,58,2,#N/A,2,Eesti Konservatiivne Rahvaerakond
111,Raimo Kägu,205,68,0,#N/A,4,Rahva Ühtsuse Erakond
498,Kalle Vister,205,45,0,#N/A,11,Erakond Isamaa ja Res Publica Liit
296,Õnne Pillak,203,113,1,#N/A,3,Eesti Reformierakond
940,Sixten Sild,203,83,0,#N/A,11,Sotsiaaldemokraatlik Erakond
635,Rinno Lige,202,90,0,#N/A,5,Eesti Vabaerakond
760,Jüri Kuuskemaa,202,41,0,#N/A,5,Eesti Keskerakond
382,Riido Villup,202,69,0,#N/A,12,Eesti Reformierakond
550,Mart Saarso,202,83,2,#N/A,12,Erakond Eestimaa Rohelised
809,Janika Usin,200,28,0,#N/A,11,Eesti Keskerakond
417,Andres Öpik,198,108,0,#N/A,3,Erakond Isamaa ja Res Publica Liit
848,Tiiu Kuurme,197,84,2,#N/A,2,Sotsiaaldemokraatlik Erakond
646,Tamara Luigas,197,19,0,#N/A,7,Eesti Vabaerakond
213,Rein Suurkask,197,28,0,#N/A,8,Eesti Konservatiivne Rahvaerakond
812,Andre Laine,197,49,0,#N/A,11,Eesti Keskerakond
547,Ago Samoson,196,71,0,#N/A,11,Erakond Eestimaa Rohelised
484,Anneli Kannus,195,75,2,#N/A,10,Erakond Isamaa ja Res Publica Liit
407,Madis Päts,194,91,3,#N/A,2,Erakond Isamaa ja Res Publica Liit
580,Lii Ramjalg,192,99,0,#N/A,1,Eesti Vabaerakond
435,Andres Kaarmann,192,83,1,#N/A,4,Erakond Isamaa ja Res Publica Liit
757,Ants Vahtras,192,28,0,#N/A,5,Eesti Keskerakond
930,Kajar Lember,191,61,0,#N/A,10,Sotsiaaldemokraatlik Erakond
939,Kalev Härk,191,68,0,#N/A,11,Sotsiaaldemokraatlik Erakond
948,Priit Ruut,191,61,1,#N/A,12,Sotsiaaldemokraatlik Erakond
191,Elvo Leppmaa,188,28,0,#N/A,5,Eesti Konservatiivne Rahvaerakond
419,Jaak Uudmäe,187,81,0,#N/A,3,Erakond Isamaa ja Res Publica Liit
375,Anti Haugas,186,94,0,#N/A,11,Eesti Reformierakond
685,Kaie Herkel,185,67,0,#N/A,11,Eesti Vabaerakond
270,Liina Hermaküla,184,85,0,#N/A,1,Eesti Reformierakond
821,Kalle Song,184,34,0,#N/A,12,Eesti Keskerakond
281,Eve Pärnaste,183,96,1,#N/A,2,Eesti Reformierakond
432,Tiit Leier,183,54,0,#N/A,4,Erakond Isamaa ja Res Publica Liit
949,Kalev Kaljuste,182,50,1,#N/A,12,Sotsiaaldemokraatlik Erakond
177,Rene Kokk,180,47,2,#N/A,4,Eesti Konservatiivne Rahvaerakond
456,Janek Raik,180,38,2,#N/A,7,Erakond Isamaa ja Res Publica Liit
479,Aare Anderson,180,64,0,#N/A,9,Erakond Isamaa ja Res Publica Liit
583,Georg Kirsberg,179,103,0,#N/A,1,Eesti Vabaerakond
226,Olev Teder,179,50,0,#N/A,9,Eesti Konservatiivne Rahvaerakond
478,Rain Sangernebo,179,56,0,#N/A,9,Erakond Isamaa ja Res Publica Liit
858,Külli Urb,176,83,1,#N/A,3,Sotsiaaldemokraatlik Erakond
974,Heli Koit,176,58,1,#N/A,8,Üksikkandidaadid
916,Kairi Kell,176,80,0,#N/A,9,Sotsiaaldemokraatlik Erakond
178,Kai Rimmel,175,62,1,#N/A,4,Eesti Konservatiivne Rahvaerakond
282,Georg Aher,174,104,0,#N/A,2,Eesti Reformierakond
723,Juri Danilov,173,16,1,#N/A,2,Eesti Keskerakond
896,Eduard Odinets,173,49,0,#N/A,7,Sotsiaaldemokraatlik Erakond
355,Raivo Vadi,172,59,0,#N/A,9,Eesti Reformierakond
247,Martti Kirotaja,171,71,1,#N/A,11,Eesti Konservatiivne Rahvaerakond
654,Ain Ostra,170,62,0,#N/A,8,Eesti Vabaerakond
721,Tõnis Mölder,169,33,0,#N/A,2,Eesti Keskerakond
742,Jüri Võigemast,169,21,0,#N/A,4,Eesti Keskerakond
132,Piret Haljend,169,36,0,#N/A,11,Rahva Ühtsuse Erakond
302,Kalev Lillo,168,81,1,#N/A,4,Eesti Reformierakond
840,Jelena Poverina-Tšernõh,167,65,1,#N/A,2,Sotsiaaldemokraatlik Erakond
611,Ülo Mattheus,167,90,0,#N/A,3,Eesti Vabaerakond
741,René Toomse,167,33,0,#N/A,4,Eesti Keskerakond
386,Kristjan Heamäe,167,63,1,#N/A,12,Eesti Reformierakond
831,Sirje Keevallik,166,100,0,#N/A,1,Sotsiaaldemokraatlik Erakond
802,Diana Klas,163,27,1,#N/A,10,Eesti Keskerakond
792,Andres Vään,162,31,0,#N/A,9,Eesti Keskerakond
383,Maarja Kõrv,162,71,0,#N/A,12,Eesti Reformierakond
227,Kai Tennosaar,161,50,0,#N/A,9,Eesti Konservatiivne Rahvaerakond
674,Piret Tarto,161,47,2,#N/A,10,Eesti Vabaerakond
688,Tanel Valk,161,43,1,#N/A,11,Eesti Vabaerakond
409,Illimar Leppik Von Wirén,160,78,15,#N/A,2,Erakond Isamaa ja Res Publica Liit
293,Joonas Vänto,160,83,1,#N/A,3,Eesti Reformierakond
876,Evely Purre,160,47,0,#N/A,4,Sotsiaaldemokraatlik Erakond
534,Kristen Kannik,160,68,1,#N/A,5,Erakond Eestimaa Rohelised
392,Imre Rammul,158,75,1,#N/A,1,Erakond Isamaa ja Res Publica Liit
630,Mikko Nõukas,157,48,0,#N/A,5,Eesti Vabaerakond
680,Kalle Pilt,157,84,0,#N/A,10,Eesti Vabaerakond
718,Taavi Aas,156,19,0,#N/A,2,Eesti Keskerakond
151,Gunnar Stahl,155,44,1,#N/A,2,Eesti Konservatiivne Rahvaerakond
531,Joonas Laks,155,54,0,#N/A,4,Erakond Eestimaa Rohelised
813,Liis Tappo-Treial,155,19,0,#N/A,11,Eesti Keskerakond
775,Riho Kutsar,152,16,0,#N/A,7,Eesti Keskerakond
127,Tõnu Kalja,151,34,0,#N/A,9,Rahva Ühtsuse Erakond
269,Karin Pärtel,150,82,2,#N/A,1,Eesti Reformierakond
927,Henri Kaselo,149,38,1,#N/A,10,Sotsiaaldemokraatlik Erakond
675,Hannes Klaas,148,76,0,#N/A,10,Eesti Vabaerakond
311,Ena Soodla,147,76,0,#N/A,4,Eesti Reformierakond
459,Artur Põld,147,34,0,#N/A,7,Erakond Isamaa ja Res Publica Liit
873,Madis Roodla,146,46,1,#N/A,4,Sotsiaaldemokraatlik Erakond
268,Tatjana Muravjova,144,68,1,#N/A,1,Eesti Reformierakond
420,Tiit Papp,144,45,0,#N/A,3,Erakond Isamaa ja Res Publica Liit
193,Meelis Malk,144,39,0,#N/A,5,Eesti Konservatiivne Rahvaerakond
950,Andres Hirvela,144,48,0,#N/A,12,Sotsiaaldemokraatlik Erakond
605,Tõnu Ploompuu,143,66,0,#N/A,3,Eesti Vabaerakond
655,Ilme Last,143,55,0,#N/A,8,Eesti Vabaerakond
859,Jaak Kangilaski,142,58,0,#N/A,3,Sotsiaaldemokraatlik Erakond
204,Mari-Liis Lillemets,141,36,0,#N/A,7,Eesti Konservatiivne Rahvaerakond
781,Raivo Matsina,140,8,0,#N/A,8,Eesti Keskerakond
867,Mailis Alt,137,53,0,#N/A,4,Sotsiaaldemokraatlik Erakond
739,Värner Lootsmann,136,22,0,#N/A,4,Eesti Keskerakond
433,Jan Trei,135,56,0,#N/A,4,Erakond Isamaa ja Res Publica Liit
620,Veiko Herodes,135,69,0,#N/A,4,Eesti Vabaerakond
408,Linda Eichler,133,84,0,#N/A,2,Erakond Isamaa ja Res Publica Liit
955,Vello Leito,133,16,0,#N/A,4,Eesti Iseseisvuspartei
236,Toivo Suuroja,133,46,1,#N/A,10,Eesti Konservatiivne Rahvaerakond
149,Kairet Grassmann,132,55,0,#N/A,2,Eesti Konservatiivne Rahvaerakond
418,Andres Ergma,132,37,0,#N/A,3,Erakond Isamaa ja Res Publica Liit
884,Arno Peksar,132,40,0,#N/A,5,Sotsiaaldemokraatlik Erakond
253,Heldur Paulson,132,49,0,#N/A,12,Eesti Konservatiivne Rahvaerakond
286,Taavi Toppi,131,68,0,#N/A,2,Eesti Reformierakond
593,Margus Maidla,131,74,0,#N/A,2,Eesti Vabaerakond
292,Kaido Kaaberma,131,58,0,#N/A,3,Eesti Reformierakond
147,Maret Jõgi,130,50,1,#N/A,1,Eesti Konservatiivne Rahvaerakond
785,Mait Maltis,129,22,1,#N/A,8,Eesti Keskerakond
691,Urmas Ott,129,37,0,#N/A,11,Eesti Vabaerakond
660,Mats Õun,128,59,1,#N/A,8,Eesti Vabaerakond
665,Katrin Hauk,128,46,0,#N/A,9,Eesti Vabaerakond
591,Maris Meriste,127,54,1,#N/A,2,Eesti Vabaerakond
656,Väino Rajangu,127,56,1,#N/A,8,Eesti Vabaerakond
960,Toivo Õunapuu,127,23,1,#N/A,9,Eesti Iseseisvuspartei
499,Jaak Pächter,127,37,0,#N/A,11,Erakond Isamaa ja Res Publica Liit
833,Sandra Kamilova,126,67,1,#N/A,1,Sotsiaaldemokraatlik Erakond
604,Anne Hansberg,126,59,0,#N/A,3,Eesti Vabaerakond
150,Orhan Oktain,125,45,1,#N/A,2,Eesti Konservatiivne Rahvaerakond
536,Agu Kivimägi,124,55,0,#N/A,6,Erakond Eestimaa Rohelised
214,Marve Piip,124,39,0,#N/A,8,Eesti Konservatiivne Rahvaerakond
676,Heiki Krips,124,45,1,#N/A,10,Eesti Vabaerakond
684,Ivo Pill,123,46,0,#N/A,11,Eesti Vabaerakond
180,Lauri Lasimer,122,52,0,#N/A,4,Eesti Konservatiivne Rahvaerakond
697,Johannes Kass,122,25,0,#N/A,12,Eesti Vabaerakond
225,Mati Köhler,121,24,1,#N/A,9,Eesti Konservatiivne Rahvaerakond
668,Raik-Hiio Mikelsaar,121,65,0,#N/A,9,Eesti Vabaerakond
457,Risto Lindeberg,119,27,0,#N/A,7,Erakond Isamaa ja Res Publica Liit
663,Tauno Kure,119,56,0,#N/A,9,Eesti Vabaerakond
846,Reet Laja,118,57,0,#N/A,2,Sotsiaaldemokraatlik Erakond
874,Anne Leht,118,49,0,#N/A,4,Sotsiaaldemokraatlik Erakond
455,Ants Pauls,118,30,0,#N/A,7,Erakond Isamaa ja Res Publica Liit
794,Kalle Mihkels,117,19,0,#N/A,9,Eesti Keskerakond
141,Riho Rausma,116,30,0,#N/A,1,Eesti Konservatiivne Rahvaerakond
175,Paul Puustusmaa,116,57,0,#N/A,4,Eesti Konservatiivne Rahvaerakond
745,Ago Kokser,116,14,0,#N/A,4,Eesti Keskerakond
239,Indrek Särg,116,23,0,#N/A,10,Eesti Konservatiivne Rahvaerakond
249,Veevi Hõrak,115,24,0,#N/A,11,Eesti Konservatiivne Rahvaerakond
815,Heidy Tamme,115,13,2,#N/A,11,Eesti Keskerakond
825,Anne Betker,115,7,4,#N/A,12,Eesti Keskerakond
967,Marek Ranne,114,48,0,#N/A,11,Üksikkandidaadid
624,Urmas Kristal,113,34,0,#N/A,4,Eesti Vabaerakond
956,Olev Ait,113,28,1,#N/A,5,Eesti Iseseisvuspartei
486,Jüri Kõre,113,49,2,#N/A,10,Erakond Isamaa ja Res Publica Liit
619,Liisa Ojangu,112,49,0,#N/A,4,Eesti Vabaerakond
869,Stanislav Tšerepanov,111,24,0,#N/A,4,Sotsiaaldemokraatlik Erakond
969,Urmo Karusoo,111,23,0,#N/A,10,Üksikkandidaadid
962,Argo Mõttus,111,19,0,#N/A,11,Eesti Iseseisvuspartei
695,Ants Erm,111,44,0,#N/A,12,Eesti Vabaerakond
617,Katrin Mesilane,110,52,1,#N/A,4,Eesti Vabaerakond
973,Ege Hirv,110,26,0,#N/A,4,Üksikkandidaadid
124,Pavo Raudsepp,109,28,0,#N/A,8,Rahva Ühtsuse Erakond
416,Urmas Mardi,108,49,0,#N/A,3,Erakond Isamaa ja Res Publica Liit
872,Eve Kislov,108,30,0,#N/A,4,Sotsiaaldemokraatlik Erakond
644,Inna Rose,108,38,0,#N/A,7,Eesti Vabaerakond
952,Raivo Orgusaar,107,23,0,#N/A,1,Eesti Iseseisvuspartei
677,Urmet Külaots,107,58,0,#N/A,10,Eesti Vabaerakond
251,Vaino Rauba,107,21,0,#N/A,11,Eesti Konservatiivne Rahvaerakond
782,Hannes Männik,105,20,0,#N/A,8,Eesti Keskerakond
520,Küllike Reimaa,104,42,1,#N/A,2,Erakond Eestimaa Rohelised
601,Heldur-Valdek Seeder,104,30,0,#N/A,2,Eesti Vabaerakond
639,Marika Tali,104,30,0,#N/A,6,Eesti Vabaerakond
458,Aivo Tamm,104,19,0,#N/A,7,Erakond Isamaa ja Res Publica Liit
658,Olev Rahnu,104,34,0,#N/A,8,Eesti Vabaerakond
616,Aivar Koitla,103,43,0,#N/A,4,Eesti Vabaerakond
540,Erno Ilsen,103,35,0,#N/A,8,Erakond Eestimaa Rohelised
199,Uno Trumm,102,32,1,#N/A,6,Eesti Konservatiivne Rahvaerakond
234,Ruuben Kaalep,102,20,0,#N/A,10,Eesti Konservatiivne Rahvaerakond
823,Avo Keel,102,15,1,#N/A,12,Eesti Keskerakond
143,Annika Soots,101,21,1,#N/A,1,Eesti Konservatiivne Rahvaerakond
434,Priit Põldmäe,101,36,0,#N/A,4,Erakond Isamaa ja Res Publica Liit
220,Helgi Liik,101,14,0,#N/A,8,Eesti Konservatiivne Rahvaerakond
185,Anett Leosk,100,46,0,#N/A,4,Eesti Konservatiivne Rahvaerakond
752,Vello Jõgisoo,100,26,0,#N/A,4,Eesti Keskerakond
824,Ants Lopsik,100,14,0,#N/A,12,Eesti Keskerakond
216,Tarmo Hints,99,26,0,#N/A,8,Eesti Konservatiivne Rahvaerakond
875,Mati Õunloo,98,29,1,#N/A,4,Sotsiaaldemokraatlik Erakond
333,Aime Keis,98,34,0,#N/A,7,Eesti Reformierakond
606,Tarmo Kaldma,97,60,0,#N/A,3,Eesti Vabaerakond
609,Eda Heinla,97,54,0,#N/A,3,Eesti Vabaerakond
860,Gerd Tarand,97,29,1,#N/A,3,Sotsiaaldemokraatlik Erakond
179,Heino Lõiveke,97,17,1,#N/A,4,Eesti Konservatiivne Rahvaerakond
882,Jaanus Sahk,97,24,0,#N/A,5,Sotsiaaldemokraatlik Erakond
121,Evelyn Danilov,97,19,0,#N/A,7,Rahva Ühtsuse Erakond
202,Kalmer Kalaus,96,19,0,#N/A,6,Eesti Konservatiivne Rahvaerakond
929,Jarno Laur,96,36,0,#N/A,10,Sotsiaaldemokraatlik Erakond
683,Kalle Kaljuste,96,33,0,#N/A,11,Eesti Vabaerakond
384,Kalev Päit,96,33,1,#N/A,12,Eesti Reformierakond
284,Toomas Viks,95,58,0,#N/A,2,Eesti Reformierakond
600,Holger Peel,95,44,0,#N/A,2,Eesti Vabaerakond
849,Reigo Kimmel,95,60,0,#N/A,2,Sotsiaaldemokraatlik Erakond
749,Indrek Uuemaa,95,10,0,#N/A,4,Eesti Keskerakond
640,Kristo Krumm,95,41,0,#N/A,6,Eesti Vabaerakond
207,Mart Kalaus,95,15,0,#N/A,7,Eesti Konservatiivne Rahvaerakond
530,Ivar Soone,94,36,0,#N/A,4,Erakond Eestimaa Rohelised
217,Raivo Asuküla,94,28,0,#N/A,8,Eesti Konservatiivne Rahvaerakond
686,Urmas Heinaste,93,46,1,#N/A,11,Eesti Vabaerakond
431,Kadri Tillemann,92,53,0,#N/A,4,Erakond Isamaa ja Res Publica Liit
385,Carmen Illak,92,50,0,#N/A,12,Eesti Reformierakond
237,Aili Tuhkanen,91,23,1,#N/A,10,Eesti Konservatiivne Rahvaerakond
272,Gerol Silkin,89,45,0,#N/A,1,Eesti Reformierakond
625,Egge Kulbok-Lattik,89,55,0,#N/A,4,Eesti Vabaerakond
747,Peeter Rebane,88,24,0,#N/A,4,Eesti Keskerakond
245,Artur Karask,88,17,0,#N/A,11,Eesti Konservatiivne Rahvaerakond
963,Peeter Paemurru,88,15,0,#N/A,12,Eesti Iseseisvuspartei
396,Henrik Aavik,87,47,0,#N/A,1,Erakond Isamaa ja Res Publica Liit
586,Kuido Merits,87,46,0,#N/A,1,Eesti Vabaerakond
832,Maris Sild,87,45,0,#N/A,1,Sotsiaaldemokraatlik Erakond
153,Veiko Hartwig Valgepea,87,43,0,#N/A,2,Eesti Konservatiivne Rahvaerakond
410,Sülvi Sarapuu,87,38,0,#N/A,2,Erakond Isamaa ja Res Publica Liit
192,Rein Merila,87,27,0,#N/A,5,Eesti Konservatiivne Rahvaerakond
421,Madis Kübar,86,41,2,#N/A,3,Erakond Isamaa ja Res Publica Liit
514,Eero Uustalu,85,37,0,#N/A,1,Erakond Eestimaa Rohelised
562,Jevgeni Golovatš,85,7,0,#N/A,4,Eestimaa Ühendatud Vasakpartei
255,Käde Kalamees,84,24,0,#N/A,12,Eesti Konservatiivne Rahvaerakond
139,Taivo Põrk,83,21,0,#N/A,1,Eesti Konservatiivne Rahvaerakond
198,Aigar Põder,83,31,1,#N/A,6,Eesti Konservatiivne Rahvaerakond
957,Toomas Tamm,83,14,0,#N/A,6,Eesti Iseseisvuspartei
971,Maarika Pähklemäe,82,24,0,#N/A,2,Üksikkandidaadid
469,Marko Tiitus,82,20,0,#N/A,8,Erakond Isamaa ja Res Publica Liit
751,Oliver Liidemann,81,2,0,#N/A,4,Eesti Keskerakond
804,Kätlin Takis,81,5,0,#N/A,10,Eesti Keskerakond
195,Piret Kollo,80,16,0,#N/A,5,Eesti Konservatiivne Rahvaerakond
126,Ott Kukk,80,28,0,#N/A,8,Rahva Ühtsuse Erakond
541,Ain Kuningas,80,24,0,#N/A,8,Erakond Eestimaa Rohelised
669,Agu Rillo,80,29,0,#N/A,9,Eesti Vabaerakond
926,Tõnu Ints,80,21,0,#N/A,10,Sotsiaaldemokraatlik Erakond
965,Jaak Vackermann,79,28,0,#N/A,4,Üksikkandidaadid
784,Ülle Leesmaa,79,18,0,#N/A,8,Eesti Keskerakond
835,Tiia Tiik,78,37,0,#N/A,1,Sotsiaaldemokraatlik Erakond
219,Gustav Siniväli,77,24,0,#N/A,8,Eesti Konservatiivne Rahvaerakond
238,Tiina Pärnpuu,77,24,1,#N/A,10,Eesti Konservatiivne Rahvaerakond
701,Jaanus Ojangu,77,27,0,#N/A,12,Eesti Vabaerakond
168,Piia Paemurru,76,24,0,#N/A,3,Eesti Konservatiivne Rahvaerakond
826,Argo Mengel,76,8,0,#N/A,12,Eesti Keskerakond
537,Reigo Lehtla,75,30,0,#N/A,6,Erakond Eestimaa Rohelised
679,Laili Jõgiaas,75,34,0,#N/A,10,Eesti Vabaerakond
500,Sirle Rosenfeldt,74,33,1,#N/A,11,Erakond Isamaa ja Res Publica Liit
645,Jüri Soone,73,37,0,#N/A,7,Eesti Vabaerakond
134,Juhan Liiv,73,15,1,#N/A,11,Rahva Ühtsuse Erakond
599,Kulno Kesküla,72,43,0,#N/A,2,Eesti Vabaerakond
632,Arles Taal,72,35,0,#N/A,5,Eesti Vabaerakond
129,Silver Kuusik,72,19,1,#N/A,10,Rahva Ühtsuse Erakond
690,Valev Elerand,72,26,0,#N/A,11,Eesti Vabaerakond
194,Aivar Rohilaid,71,19,0,#N/A,5,Eesti Konservatiivne Rahvaerakond
510,Mari Suurväli,71,21,1,#N/A,12,Erakond Isamaa ja Res Publica Liit
582,Ivika Puust,70,30,1,#N/A,1,Eesti Vabaerakond
294,Joel Jesse,70,32,0,#N/A,3,Eesti Reformierakond
621,Ülle Lennuk,70,20,0,#N/A,4,Eesti Vabaerakond
254,Helle Kullerkupp,70,15,0,#N/A,12,Eesti Konservatiivne Rahvaerakond
517,Mihkel Veskimägi,69,24,0,#N/A,1,Erakond Eestimaa Rohelised
594,Jaanus Luka,69,41,1,#N/A,2,Eesti Vabaerakond
607,Taavi Simson,69,28,0,#N/A,3,Eesti Vabaerakond
158,Alar Ehala,68,27,0,#N/A,2,Eesti Konservatiivne Rahvaerakond
610,Jaan Mihkel Uustalu,68,39,0,#N/A,3,Eesti Vabaerakond
759,Harald Tõru,68,8,1,#N/A,5,Eesti Keskerakond
230,Margit Avi,68,15,0,#N/A,9,Eesti Konservatiivne Rahvaerakond
847,Jevgenia Kirilova,67,17,0,#N/A,2,Sotsiaaldemokraatlik Erakond
954,Merle Otsmaa,67,12,1,#N/A,3,Eesti Iseseisvuspartei
748,Meelis Pai,67,11,0,#N/A,4,Eesti Keskerakond
959,Jaanus Kruusmaa,67,11,1,#N/A,8,Eesti Iseseisvuspartei
223,Kristian Suve,67,19,2,#N/A,9,Eesti Konservatiivne Rahvaerakond
546,Priit Truusalu,66,36,0,#N/A,10,Erakond Eestimaa Rohelised
678,Arvo Päike,66,10,0,#N/A,10,Eesti Vabaerakond
524,Maigi Käige,65,36,0,#N/A,3,Erakond Eestimaa Rohelised
756,Andres Kampmann,65,18,0,#N/A,5,Eesti Keskerakond
890,Paul Lettens,65,17,0,#N/A,6,Sotsiaaldemokraatlik Erakond
803,Rain Suursaar,65,14,0,#N/A,10,Eesti Keskerakond
529,Andres Meesak,63,35,1,#N/A,4,Erakond Eestimaa Rohelised
634,Jaan Laats,63,18,0,#N/A,5,Eesti Vabaerakond
200,Arno Pikhof,63,10,0,#N/A,6,Eesti Konservatiivne Rahvaerakond
487,Piret Orav,63,24,1,#N/A,10,Erakond Isamaa ja Res Publica Liit
516,Piret Käige,62,24,1,#N/A,1,Erakond Eestimaa Rohelised
406,Reet Trei,62,28,1,#N/A,2,Erakond Isamaa ja Res Publica Liit
657,Margus Sardis,62,32,1,#N/A,8,Eesti Vabaerakond
928,Tiina Merkuljeva,61,18,0,#N/A,10,Sotsiaaldemokraatlik Erakond
626,Mati Sarevet,60,38,0,#N/A,4,Eesti Vabaerakond
587,Jaanus Paasoja,59,29,0,#N/A,1,Eesti Vabaerakond
667,Heino Kaljurand,59,20,0,#N/A,9,Eesti Vabaerakond
689,Silver Saarva,59,34,0,#N/A,11,Eesti Vabaerakond
972,Tarmo Porroson,59,16,0,#N/A,11,Üksikkandidaadid
700,Rein Prins,59,13,0,#N/A,12,Eesti Vabaerakond
953,Lauri Liikane,58,8,1,#N/A,2,Eesti Iseseisvuspartei
633,Olev Vaher,58,33,0,#N/A,5,Eesti Vabaerakond
568,Viktor Malõgin,58,7,0,#N/A,7,Eestimaa Ühendatud Vasakpartei
647,Olav Kivirand,58,22,0,#N/A,7,Eesti Vabaerakond
572,Aleksandr Širokov,58,4,1,#N/A,9,Eestimaa Ühendatud Vasakpartei
259,Iivi Kallaste,58,17,0,#N/A,12,Eesti Konservatiivne Rahvaerakond
146,Rein Pika,57,8,0,#N/A,1,Eesti Konservatiivne Rahvaerakond
622,Mart Mutso,57,19,0,#N/A,4,Eesti Vabaerakond
627,Vahur Herm,57,17,0,#N/A,4,Eesti Vabaerakond
538,Aleksander Pototski,57,19,0,#N/A,7,Erakond Eestimaa Rohelised
666,Valeria Kaljuorg,57,16,0,#N/A,9,Eesti Vabaerakond
834,Raiko Puustusmaa,56,24,1,#N/A,1,Sotsiaaldemokraatlik Erakond
246,Endel-Haljand Susi,56,7,0,#N/A,11,Eesti Konservatiivne Rahvaerakond
101,Veronika Isberg,55,21,1,#N/A,1,Rahva Ühtsuse Erakond
651,Avo Blankin,55,18,0,#N/A,7,Eesti Vabaerakond
750,Väino Sassi,54,14,0,#N/A,4,Eesti Keskerakond
958,Hele Kängsepp,54,10,0,#N/A,7,Eesti Iseseisvuspartei
160,Triin Van Doorslaer,53,19,0,#N/A,2,Eesti Konservatiivne Rahvaerakond
533,Kalju Valdmann,53,19,0,#N/A,4,Erakond Eestimaa Rohelised
205,Kai Ird,52,19,0,#N/A,7,Eesti Konservatiivne Rahvaerakond
548,Zoja Mellov,52,20,0,#N/A,11,Erakond Eestimaa Rohelised
164,Kaarel Jaak Roosaare,51,18,0,#N/A,3,Eesti Konservatiivne Rahvaerakond
584,Peeter Kõluvere,50,19,0,#N/A,1,Eesti Vabaerakond
181,Veiko Värk,50,16,0,#N/A,4,Eesti Konservatiivne Rahvaerakond
116,Kaie Jaaniste,50,14,0,#N/A,5,Rahva Ühtsuse Erakond
161,Veiko Krass,49,21,0,#N/A,2,Eesti Konservatiivne Rahvaerakond
724,Helen Lausma-Saar,49,9,0,#N/A,2,Eesti Keskerakond
783,Are Riistan,49,18,0,#N/A,8,Eesti Keskerakond
551,Ove Varik,49,20,1,#N/A,12,Erakond Eestimaa Rohelised
836,Heinart Puhkim,48,13,0,#N/A,1,Sotsiaaldemokraatlik Erakond
598,Aldo Vaino,48,19,0,#N/A,2,Eesti Vabaerakond
543,Arvo Kuiv,48,13,0,#N/A,9,Erakond Eestimaa Rohelised
145,Urmas Siemer,47,11,0,#N/A,1,Eesti Konservatiivne Rahvaerakond
698,Enn Rähn,47,12,0,#N/A,12,Eesti Vabaerakond
970,Svetlana Ivnitskaja,46,8,0,#N/A,1,Üksikkandidaadid
197,Are Saarne,46,13,0,#N/A,6,Eesti Konservatiivne Rahvaerakond
228,Timo Avi,46,12,0,#N/A,9,Eesti Konservatiivne Rahvaerakond
699,Hillar Vaik,46,20,0,#N/A,12,Eesti Vabaerakond
155,Riho Nüüd,44,12,1,#N/A,2,Eesti Konservatiivne Rahvaerakond
532,Ain Kabal,44,17,0,#N/A,4,Erakond Eestimaa Rohelised
107,Kerli Green,43,16,0,#N/A,2,Rahva Ühtsuse Erakond
519,Darja Vorontsova,43,17,0,#N/A,2,Erakond Eestimaa Rohelised
525,Anne Artus,43,21,0,#N/A,3,Erakond Eestimaa Rohelised
122,Arnold Persidski,43,11,0,#N/A,7,Rahva Ühtsuse Erakond
539,Allan Selin,43,13,0,#N/A,7,Erakond Eestimaa Rohelised
549,Arvi Matvei,43,16,0,#N/A,11,Erakond Eestimaa Rohelised
966,Greete Reinson,42,18,0,#N/A,2,Üksikkandidaadid
968,Henn Leetna,42,8,0,#N/A,2,Üksikkandidaadid
108,Jane Snaith,41,17,1,#N/A,3,Rahva Ühtsuse Erakond
260,Tiina Toomjõe,41,11,0,#N/A,12,Eesti Konservatiivne Rahvaerakond
283,Olga Ašihmina,40,25,0,#N/A,2,Eesti Reformierakond
112,Andrei Šaršov,40,17,0,#N/A,4,Rahva Ühtsuse Erakond
659,Evi Kirschfeldt,40,14,0,#N/A,8,Eesti Vabaerakond
575,Niina Netšajeva,40,3,2,#N/A,11,Eestimaa Ühendatud Vasakpartei
515,Raivo Juurak,39,17,0,#N/A,1,Erakond Eestimaa Rohelised
182,Olavi Tutt,39,7,0,#N/A,4,Eesti Konservatiivne Rahvaerakond
186,Taavi Tapu,39,10,0,#N/A,4,Eesti Konservatiivne Rahvaerakond
120,Õnnela Raudsepp,39,5,0,#N/A,6,Rahva Ühtsuse Erakond
961,Veiko Rämmel,39,6,1,#N/A,10,Eesti Iseseisvuspartei
505,Tiit Matsulevitš,39,25,1,#N/A,12,Erakond Isamaa ja Res Publica Liit
104,Aleksandr Apolinsky,38,5,0,#N/A,2,Rahva Ühtsuse Erakond
218,Timo Kalaus,38,9,0,#N/A,8,Eesti Konservatiivne Rahvaerakond
133,Jaak Metsalu,38,3,0,#N/A,11,Rahva Ühtsuse Erakond
513,Andrei Gudim,37,11,0,#N/A,1,Erakond Eestimaa Rohelised
522,Evald Langebraun,37,9,0,#N/A,2,Erakond Eestimaa Rohelised
623,Loit Jõekalda,37,19,0,#N/A,4,Eesti Vabaerakond
899,Genadi Afanassjev,37,7,0,#N/A,7,Sotsiaaldemokraatlik Erakond
608,Margus Jaago,36,23,0,#N/A,3,Eesti Vabaerakond
159,Juhan Kobin,35,10,0,#N/A,2,Eesti Konservatiivne Rahvaerakond
527,Allan Talu,34,21,0,#N/A,3,Erakond Eestimaa Rohelised
123,Ljubov Dorošenko,34,2,1,#N/A,7,Rahva Ühtsuse Erakond
229,Maret Rätsep,34,6,0,#N/A,9,Eesti Konservatiivne Rahvaerakond
638,Rein Kotšin,33,20,0,#N/A,6,Eesti Vabaerakond
163,Andrus Leberecht,32,7,0,#N/A,3,Eesti Konservatiivne Rahvaerakond
170,Ivo Ratas,32,5,0,#N/A,3,Eesti Konservatiivne Rahvaerakond
136,Andres Lainela,32,8,0,#N/A,12,Rahva Ühtsuse Erakond
176,Jüri Derkun,31,6,1,#N/A,4,Eesti Konservatiivne Rahvaerakond
556,Valev Kald,30,7,0,#N/A,2,Eestimaa Ühendatud Vasakpartei
509,Georg Männik,30,7,0,#N/A,12,Erakond Isamaa ja Res Publica Liit
156,Olev Piir,29,8,0,#N/A,2,Eesti Konservatiivne Rahvaerakond
595,Aleksandr Dormidontov,29,6,0,#N/A,2,Eesti Vabaerakond
206,Ksenia Võhma,29,9,0,#N/A,7,Eesti Konservatiivne Rahvaerakond
140,Nikolai Jakobišvili,28,8,1,#N/A,1,Eesti Konservatiivne Rahvaerakond
142,Marika Istahl,28,6,0,#N/A,1,Eesti Konservatiivne Rahvaerakond
144,Aleksander Tšernikov,28,5,0,#N/A,1,Eesti Konservatiivne Rahvaerakond
559,Vladimir Drozdov,28,2,0,#N/A,3,Eestimaa Ühendatud Vasakpartei
240,Randon Värsi,28,9,0,#N/A,10,Eesti Konservatiivne Rahvaerakond
257,Mati Lehola,28,11,0,#N/A,12,Eesti Konservatiivne Rahvaerakond
258,Heiki Merirand,28,6,0,#N/A,12,Eesti Konservatiivne Rahvaerakond
964,Ilmar Ibragimov,26,6,0,#N/A,2,Üksikkandidaadid
649,Yury Gordeev,26,10,0,#N/A,7,Eesti Vabaerakond
105,Beatrice Fenice,25,6,1,#N/A,2,Rahva Ühtsuse Erakond
596,Alar Maas,25,10,0,#N/A,2,Eesti Vabaerakond
113,Raivo Algur,25,9,0,#N/A,4,Rahva Ühtsuse Erakond
183,Olav Kruus,25,6,0,#N/A,4,Eesti Konservatiivne Rahvaerakond
117,Aleks Saarnak,25,5,0,#N/A,5,Rahva Ühtsuse Erakond
648,Evhen Tsybulenko,25,9,0,#N/A,7,Eesti Vabaerakond
171,Kalju Mätik,24,4,0,#N/A,3,Eesti Konservatiivne Rahvaerakond
256,Andrus Lelov,24,10,0,#N/A,12,Eesti Konservatiivne Rahvaerakond
526,Mikk Paris,23,7,0,#N/A,3,Erakond Eestimaa Rohelised
131,Aulis Fischer,23,3,0,#N/A,10,Rahva Ühtsuse Erakond
201,Kristjan Siimson,22,4,0,#N/A,6,Eesti Konservatiivne Rahvaerakond
165,Wesse Allik,21,6,1,#N/A,3,Eesti Konservatiivne Rahvaerakond
570,Sergei Sumin,21,0,0,#N/A,9,Eestimaa Ühendatud Vasakpartei
576,Gennadi Vereštšagin,21,1,0,#N/A,12,Eestimaa Ühendatud Vasakpartei
102,Vadim Šaptšenko,20,5,1,#N/A,1,Rahva Ühtsuse Erakond
592,Raivo Olmet,20,6,0,#N/A,2,Eesti Vabaerakond
585,Magomed Murtuzaliev,19,14,0,#N/A,1,Eesti Vabaerakond
110,Mario Märtson,19,8,0,#N/A,3,Rahva Ühtsuse Erakond
563,Heino Rüütel,19,1,0,#N/A,4,Eestimaa Ühendatud Vasakpartei
641,Veana Heinmets,19,6,0,#N/A,6,Eesti Vabaerakond
208,Lauri Õun,19,4,2,#N/A,7,Eesti Konservatiivne Rahvaerakond
109,Andrea Green,18,4,0,#N/A,3,Rahva Ühtsuse Erakond
184,Toivo Kirtsi,18,3,0,#N/A,4,Eesti Konservatiivne Rahvaerakond
211,Tanel Liiva,18,3,0,#N/A,7,Eesti Konservatiivne Rahvaerakond
650,Eino Muruste,18,6,0,#N/A,7,Eesti Vabaerakond
558,Aleksei Davõdov,17,2,0,#N/A,2,Eestimaa Ühendatud Vasakpartei
115,Silja Trisberg,17,3,0,#N/A,4,Rahva Ühtsuse Erakond
567,Tõnu Veeremaa,17,3,0,#N/A,6,Eestimaa Ühendatud Vasakpartei
569,Eduard Tanvel,17,1,0,#N/A,8,Eestimaa Ühendatud Vasakpartei
552,Victor Polyakoff,16,2,0,#N/A,1,Eestimaa Ühendatud Vasakpartei
114,Taavi Keedus,16,7,0,#N/A,4,Rahva Ühtsuse Erakond
125,Ramo Pener,16,6,0,#N/A,8,Rahva Ühtsuse Erakond
573,Viivi-Helbe Peljuhhovska,16,0,0,#N/A,10,Eestimaa Ühendatud Vasakpartei
106,Marita Pitk,15,4,0,#N/A,2,Rahva Ühtsuse Erakond
169,Jaak Vimm,15,2,0,#N/A,3,Eesti Konservatiivne Rahvaerakond
566,Inna Kald,15,1,0,#N/A,5,Eestimaa Ühendatud Vasakpartei
209,Lauri Karp,15,4,0,#N/A,7,Eesti Konservatiivne Rahvaerakond
687,Eduard Kassin,15,3,0,#N/A,11,Eesti Vabaerakond
103,Aimar Jukkum,14,4,0,#N/A,1,Rahva Ühtsuse Erakond
130,Merlin Abedi,13,7,0,#N/A,10,Rahva Ühtsuse Erakond
166,Margus Reemets,12,5,0,#N/A,3,Eesti Konservatiivne Rahvaerakond
565,Madis Tänavsuu,12,0,0,#N/A,4,Eestimaa Ühendatud Vasakpartei
119,Allan Jaakus,12,2,0,#N/A,6,Rahva Ühtsuse Erakond
555,Jekaterina Kravtsova,11,1,0,#N/A,1,Eestimaa Ühendatud Vasakpartei
557,Vladimir Krutšinin,11,1,0,#N/A,2,Eestimaa Ühendatud Vasakpartei
167,Edgar Viigimäe,11,1,0,#N/A,3,Eesti Konservatiivne Rahvaerakond
560,Svetlana Moskvina,11,1,0,#N/A,3,Eestimaa Ühendatud Vasakpartei
521,Serge Tjurin,10,4,0,#N/A,2,Erakond Eestimaa Rohelised
553,Diana Vinogradova,9,0,0,#N/A,1,Eestimaa Ühendatud Vasakpartei
261,Tiina Espenberg,9,3,0,#N/A,12,Eesti Konservatiivne Rahvaerakond
571,Marijam Rannak,8,0,0,#N/A,9,Eestimaa Ühendatud Vasakpartei
210,Piret Janis,6,1,0,#N/A,7,Eesti Konservatiivne Rahvaerakond
574,Andres Laidvee,6,1,0,#N/A,10,Eestimaa Ühendatud Vasakpartei
554,Ada Leist,3,0,0,#N/A,1,Eestimaa Ühendatud Vasakpartei
564,Aleksandr Pauri,2,2,0,#N/A,4,Eestimaa Ühendatud Vasakpartei
